file,orig_class,status,reason
ship-001,ship,VALID,ok
ship-002,ship,VALID,ok
ship-003,ship,VALID,ok
ship-004,ship,VALID,ok
ship-005-1,ship,VALID,ok
ship-005,ship,VALID,ok
ship-006,ship,VALID,ok
ship-007,ship,VALID,ok
ship-008,ship,VALID,ok
ship-009,ship,VALID,ok
ship-010,ship,VALID,ok
ship-011,ship,VALID,ok
ship-012,ship,VALID,ok
ship-013-1,ship,VALID,ok
ship-013,ship,VALID,ok
ship-014,ship,VALID,ok
ship-015,ship,VALID,ok
ship-016,ship,VALID,ok
ship-017,ship,VALID,ok
ship-018,ship,VALID,ok
ship-019-1,ship,VALID,ok
ship-019-2,ship,VALID,ok
ship-019,ship,VALID,ok
ship-020,ship,VALID,ok
ship-021-1,ship,VALID,ok
ship-021-2,ship,VALID,ok
ship-021,ship,VALID,ok
ship-022-1,ship,VALID,ok
ship-022,ship,VALID,ok
ship-023-1,ship,VALID,ok
ship-023-2,ship,VALID,ok
ship-023,ship,VALID,ok
ship-024-1,ship,VALID,ok
ship-024-2,ship,VALID,ok
ship-024,ship,VALID,ok
ship-025-1,ship,VALID,ok
ship-025-2,ship,VALID,ok
ship-025,ship,VALID,ok
ship-026-1,ship,VALID,ok
ship-026-2,ship,VALID,ok
ship-026,ship,VALID,ok
ship-027-1,ship,VALID,ok
ship-027-2,ship,VALID,ok
ship-027,ship,VALID,ok
ship-028,ship,VALID,ok
ship-029,ship,VALID,ok
ship-030,ship,VALID,ok
ship-031,ship,VALID,ok
ship-032,ship,VALID,ok
ship-033,ship,VALID,ok
ship-034,ship,VALID,ok
ship-035,ship,VALID,ok
ship-036,ship,VALID,ok
ship-037,ship,VALID,ok
ship-039,ship,VALID,ok
ship-040,ship,VALID,ok
ship-042,ship,VALID,ok
ship-043,ship,VALID,ok
ship-044,ship,VALID,ok
ship-045,ship,VALID,ok
ship-046,ship,VALID,ok
ship-047,ship,VALID,ok
ship-048,ship,VALID,ok
ship-049,ship,VALID,ok
ship-050,ship,VALID,ok
ship-051,ship,VALID,ok
ship-052,ship,VALID,ok
ship-053,ship,VALID,ok
ship-054,ship,VALID,ok
ship-055,ship,VALID,ok
ship-056,ship,VALID,ok
ship-057,ship,VALID,ok
ship-058,ship,VALID,ok
ship-059,ship,VALID,ok
ship-060-1,ship,VALID,ok
ship-060,ship,VALID,ok
ship-061,ship,VALID,ok
ship-062,ship,VALID,ok
ship-063,ship,VALID,ok
ship-064,ship,VALID,ok
ship-065,ship,VALID,ok
ship-066,ship,VALID,ok
ship-067,ship,VALID,ok
ship-068,ship,VALID,ok
ship-069,ship,VALID,ok
ship-070,ship,VALID,ok
ship-071,ship,VALID,ok
ship-072,ship,VALID,ok
ship-073,ship,VALID,ok
ship-074,ship,VALID,ok
ship-075,ship,VALID,ok
ship-076,ship,VALID,ok
ship-077,ship,VALID,ok
ship-078,ship,VALID,ok
ship-079,ship,VALID,ok
ship-080,ship,VALID,ok
ship-081,ship,VALID,ok
ship-082,ship,VALID,ok
ship-083,ship,VALID,ok
ship-084,ship,VALID,ok
ship-085,ship,VALID,ok
ship-086,ship,VALID,ok
ship-087,ship,VALID,ok
ship-088,ship,VALID,ok
ship-089,ship,SUSPICIOUS,very_small_image
ship-090,ship,SUSPICIOUS,very_small_image
ship-091,ship,VALID,ok
ship-092,ship,VALID,ok
ship-093,ship,VALID,ok
ship-094,ship,VALID,ok
ship-095,ship,VALID,ok
ship-096,ship,VALID,ok
ship-097,ship,VALID,ok
ship-098,ship,VALID,ok
ship-099,ship,VALID,ok
ship-100,ship,VALID,ok
ship-101,ship,VALID,ok
ship-102,ship,VALID,ok
ship-103,ship,VALID,ok
ship-104,ship,VALID,ok
ship-105,ship,VALID,ok
ship-106,ship,VALID,ok
ship-107,ship,VALID,ok
ship-108,ship,VALID,ok
ship-109,ship,VALID,ok
ship-110,ship,VALID,ok
ship-111,ship,VALID,ok
ship-112-1,ship,VALID,ok
ship-112-2,ship,VALID,ok
ship-112-3,ship,VALID,ok
ship-112,ship,VALID,ok
ship-113,ship,VALID,ok
ship-114,ship,VALID,ok
ship-115,ship,VALID,ok
ship-116,ship,VALID,ok
ship-117,ship,VALID,ok
ship-118,ship,VALID,ok
ship-119,ship,VALID,ok
ship-120-1,ship,VALID,ok
ship-120,ship,VALID,ok
ship-121,ship,VALID,ok
ship-122,ship,VALID,ok
ship-123,ship,VALID,ok
ship-124,ship,VALID,ok
ship-125,ship,VALID,ok
ship-126,ship,VALID,ok
ship-127,ship,VALID,ok
ship-128,ship,VALID,ok
ship-129,ship,VALID,ok
ship-130,ship,VALID,ok
ship-131,ship,VALID,ok
ship-132,ship,VALID,ok
ship-133,ship,VALID,ok
ship-134,ship,VALID,ok
ship-135,ship,VALID,ok
ship-136,ship,VALID,ok
ship-137,ship,VALID,ok
ship-138,ship,VALID,ok
ship-139,ship,VALID,ok
ship-140,ship,VALID,ok
ship-141,ship,VALID,ok
ship-142,ship,VALID,ok
ship-143,ship,VALID,ok
ship-144,ship,VALID,ok
ship-145,ship,VALID,ok
ship-146,ship,VALID,ok
ship-147,ship,VALID,ok
ship-148,ship,VALID,ok
ship-149,ship,VALID,ok
ship-150,ship,VALID,ok
ship-151,ship,VALID,ok
ship-152,ship,VALID,ok
ship-153,ship,VALID,ok
ship-154,ship,VALID,ok
ship-155,ship,VALID,ok
ship-156,ship,VALID,ok
ship-157,ship,VALID,ok
ship-158,ship,SUSPICIOUS,excessive_zero_or_saturated_px:0.52/0.00
ship-159,ship,VALID,ok
ship-160,ship,VALID,ok
ship-161,ship,VALID,ok
ship-162,ship,VALID,ok
ship-163,ship,VALID,ok
ship-164,ship,VALID,ok
ship-165,ship,VALID,ok
ship-166,ship,VALID,ok
ship-167,ship,VALID,ok
ship-168,ship,VALID,ok
ship-169,ship,VALID,ok
ship-303,ship,VALID,ok
ship-304,ship,VALID,ok
ship-305,ship,VALID,ok
ship-306,ship,VALID,ok
ship-307,ship,VALID,ok
ship-308,ship,VALID,ok
ship-309,ship,VALID,ok
ship-310,ship,VALID,ok
ship-311,ship,VALID,ok
ship-312,ship,VALID,ok
ship-313,ship,VALID,ok
ship-314,ship,VALID,ok
ship-315,ship,VALID,ok
ship-316,ship,VALID,ok
ship-317,ship,VALID,ok
ship-318,ship,VALID,ok
ship-319,ship,VALID,ok
ship-320,ship,VALID,ok
ship-321,ship,VALID,ok
ship-322,ship,VALID,ok
ship-323,ship,VALID,ok
ship-324,ship,VALID,ok
ship-325,ship,VALID,ok
ship-326,ship,VALID,ok
ship-327,ship,VALID,ok
ship-328,ship,VALID,ok
ship-329,ship,VALID,ok
ship-330,ship,VALID,ok
ship-331,ship,VALID,ok
ship-332,ship,VALID,ok
ship-333,ship,VALID,ok
ship-334,ship,VALID,ok
ship-335,ship,VALID,ok
ship-336,ship,VALID,ok
ship-337,ship,VALID,ok
ship-338,ship,VALID,ok
ship-339,ship,VALID,ok
ship-340,ship,VALID,ok
ship-341,ship,VALID,ok
ship-342,ship,VALID,ok
ship-343,ship,VALID,ok
ship-344,ship,VALID,ok
ship-345,ship,VALID,ok
ship-346,ship,VALID,ok
ship-347,ship,VALID,ok
ship-348,ship,VALID,ok
ship-349,ship,VALID,ok
ship-350,ship,VALID,ok
ship-351,ship,VALID,ok
ship-352,ship,VALID,ok
ship-353,ship,VALID,ok
ship-354,ship,VALID,ok
ship-355,ship,VALID,ok
ship-356,ship,VALID,ok
ship-357,ship,VALID,ok
ship-359,ship,VALID,ok
ship-360,ship,VALID,ok
ship-361,ship,VALID,ok
ship-362,ship,VALID,ok
ship-363,ship,VALID,ok
ship172,ship,VALID,ok
ship173,ship,VALID,ok
ship174,ship,VALID,ok
ship175,ship,VALID,ok
ship176,ship,VALID,ok
ship177,ship,VALID,ok
ship178,ship,VALID,ok
ship179,ship,VALID,ok
ship180,ship,VALID,ok
ship181,ship,VALID,ok
ship182,ship,VALID,ok
ship183,ship,VALID,ok
ship184,ship,VALID,ok
ship185,ship,VALID,ok
ship186,ship,VALID,ok
ship187,ship,VALID,ok
ship188,ship,VALID,ok
ship189,ship,VALID,ok
ship190,ship,VALID,ok
ship191,ship,VALID,ok
ship192,ship,VALID,ok
ship193,ship,VALID,ok
ship194,ship,VALID,ok
ship195,ship,VALID,ok
ship196,ship,VALID,ok
ship197,ship,VALID,ok
ship198,ship,VALID,ok
ship199,ship,VALID,ok
ship200,ship,VALID,ok
ship201,ship,VALID,ok
ship202,ship,VALID,ok
ship203,ship,VALID,ok
ship204,ship,VALID,ok
ship205,ship,VALID,ok
ship206,ship,VALID,ok
ship207,ship,VALID,ok
ship208,ship,VALID,ok
ship209,ship,VALID,ok
ship210,ship,VALID,ok
ship211,ship,VALID,ok
ship212,ship,VALID,ok
ship213,ship,VALID,ok
ship214,ship,VALID,ok
ship215,ship,VALID,ok
ship216,ship,VALID,ok
ship217,ship,VALID,ok
ship218,ship,VALID,ok
ship219,ship,VALID,ok
ship220,ship,VALID,ok
ship221,ship,VALID,ok
ship222,ship,VALID,ok
ship223,ship,VALID,ok
ship224,ship,VALID,ok
ship225,ship,VALID,ok
ship226,ship,VALID,ok
ship227,ship,VALID,ok
ship228,ship,VALID,ok
ship229,ship,VALID,ok
ship230,ship,VALID,ok
ship231,ship,VALID,ok
ship232,ship,VALID,ok
ship233,ship,VALID,ok
ship234,ship,VALID,ok
ship235,ship,VALID,ok
ship236,ship,VALID,ok
ship237,ship,VALID,ok
ship238,ship,VALID,ok
ship239,ship,VALID,ok
ship240,ship,VALID,ok
ship241,ship,VALID,ok
ship242,ship,VALID,ok
ship243,ship,VALID,ok
ship244,ship,VALID,ok
ship245,ship,VALID,ok
ship246,ship,VALID,ok
ship247,ship,VALID,ok
ship248,ship,VALID,ok
ship249,ship,VALID,ok
ship250,ship,VALID,ok
ship251,ship,VALID,ok
ship252,ship,VALID,ok
ship253,ship,VALID,ok
ship254,ship,VALID,ok
ship255,ship,VALID,ok
ship256,ship,VALID,ok
ship257,ship,VALID,ok
ship258,ship,VALID,ok
ship259,ship,VALID,ok
ship260,ship,VALID,ok
ship261,ship,VALID,ok
ship262,ship,VALID,ok
ship263,ship,VALID,ok
ship264,ship,VALID,ok
ship265,ship,VALID,ok
ship266,ship,VALID,ok
ship267,ship,VALID,ok
ship268,ship,VALID,ok
ship269,ship,VALID,ok
ship270,ship,VALID,ok
ship271,ship,VALID,ok
ship272,ship,VALID,ok
ship273,ship,VALID,ok
ship274,ship,VALID,ok
ship275,ship,VALID,ok
ship276,ship,VALID,ok
ship277,ship,VALID,ok
ship278,ship,VALID,ok
ship279,ship,VALID,ok
ship280,ship,VALID,ok
ship281,ship,VALID,ok
ship282,ship,VALID,ok
ship283,ship,VALID,ok
ship284,ship,VALID,ok
ship285,ship,VALID,ok
ship286,ship,VALID,ok
ship287,ship,VALID,ok
ship288,ship,VALID,ok
ship289,ship,VALID,ok
ship290,ship,VALID,ok
ship291,ship,VALID,ok
ship292,ship,VALID,ok
ship293,ship,VALID,ok
ship294,ship,VALID,ok
ship295,ship,VALID,ok
ship296,ship,VALID,ok
ship297,ship,VALID,ok
ship298,ship,VALID,ok
ship299,ship,VALID,ok
ship300,ship,VALID,ok
ship301,ship,VALID,ok
ship302,ship,VALID,ok
plane-1,plane,VALID,ok
plane-10,plane,VALID,ok
plane-11,plane,VALID,ok
plane-12,plane,VALID,ok
plane-13,plane,VALID,ok
plane-14,plane,VALID,ok
plane-15,plane,VALID,ok
plane-16,plane,VALID,ok
plane-17,plane,VALID,ok
plane-18,plane,VALID,ok
plane-19,plane,VALID,ok
plane-2,plane,VALID,ok
plane-20,plane,VALID,ok
plane-21,plane,VALID,ok
plane-22,plane,VALID,ok
plane-23,plane,VALID,ok
plane-24,plane,VALID,ok
plane-25,plane,VALID,ok
plane-26,plane,VALID,ok
plane-27,plane,VALID,ok
plane-28,plane,VALID,ok
plane-29,plane,VALID,ok
plane-3,plane,VALID,ok
plane-30,plane,VALID,ok
plane-31,plane,VALID,ok
plane-32,plane,VALID,ok
plane-33,plane,VALID,ok
plane-34,plane,VALID,ok
plane-35,plane,VALID,ok
plane-36,plane,VALID,ok
plane-37,plane,VALID,ok
plane-38,plane,VALID,ok
plane-39,plane,VALID,ok
plane-4,plane,VALID,ok
plane-40,plane,VALID,ok
plane-41,plane,VALID,ok
plane-42,plane,VALID,ok
plane-43,plane,VALID,ok
plane-44,plane,VALID,ok
plane-45,plane,VALID,ok
plane-46,plane,VALID,ok
plane-47,plane,VALID,ok
plane-48,plane,VALID,ok
plane-5,plane,VALID,ok
plane-6,plane,VALID,ok
plane-7,plane,VALID,ok
plane-8,plane,VALID,ok
plane-9,plane,VALID,ok
