file,status,reason
000002,VALID,ok
000006,VALID,ok
000007,VALID,ok
000008,VALID,ok
000010,VALID,ok
000012,VALID,ok
000013,VALID,ok
000014,VALID,ok
000017,VALID,ok
000018,VALID,ok
000020,VALID,ok
000023,VALID,ok
000024,VALID,ok
000026,VALID,ok
000027,VALID,ok
000029,VALID,ok
000032,VALID,ok
000033,VALID,ok
000034,VALID,ok
000037,VALID,ok
000038,VALID,ok
000039,VALID,ok
000040,VALID,ok
000041,VALID,ok
000044,VALID,ok
000045,VALID,ok
000046,VALID,ok
000051,VALID,ok
000054,VALID,ok
000055,VALID,ok
000056,VALID,ok
000057,VALID,ok
000058,VALID,ok
000059,VALID,ok
000060,VALID,ok
000061,VALID,ok
000063,VALID,ok
000065,VALID,ok
000066,VALID,ok
000068,VALID,ok
000069,VALID,ok
000070,VALID,ok
000071,VALID,ok
000073,VALID,ok
000074,VALID,ok
000075,VALID,ok
000076,VALID,ok
000077,VALID,ok
000078,SUSPICIOUS,excessive_zero_or_saturated_px:0.54/0.00
000079,VALID,ok
000080,VALID,ok
000081,VALID,ok
000085,VALID,ok
000086,VALID,ok
000088,VALID,ok
000089,VALID,ok
000090,VALID,ok
000091,VALID,ok
000092,VALID,ok
000093,VALID,ok
000094,VALID,ok
000095,VALID,ok
000096,VALID,ok
000097,VALID,ok
000098,VALID,ok
000099,VALID,ok
000100,VALID,ok
000101,VALID,ok
000102,VALID,ok
000104,VALID,ok
000105,VALID,ok
000106,VALID,ok
000108,VALID,ok
000109,VALID,ok
000110,VALID,ok
000111,VALID,ok
000112,VALID,ok
000113,VALID,ok
000114,VALID,ok
000115,VALID,ok
000117,VALID,ok
000122,VALID,ok
000124,VALID,ok
000125,VALID,ok
000126,VALID,ok
000127,VALID,ok
000129,VALID,ok
000130,VALID,ok
000131,VALID,ok
000133,VALID,ok
000134,VALID,ok
000135,VALID,ok
000136,VALID,ok
000138,VALID,ok
000139,VALID,ok
000142,VALID,ok
000143,VALID,ok
000145,VALID,ok
000147,VALID,ok
000149,VALID,ok
000150,VALID,ok
000153,VALID,ok
000154,VALID,ok
000155,VALID,ok
000157,VALID,ok
000158,VALID,ok
000160,VALID,ok
000161,VALID,ok
000162,VALID,ok
000163,VALID,ok
000164,VALID,ok
000165,VALID,ok
000167,VALID,ok
000168,VALID,ok
000169,VALID,ok
000171,VALID,ok
000172,VALID,ok
000174,VALID,ok
000175,VALID,ok
000177,VALID,ok
000179,VALID,ok
000180,VALID,ok
000181,VALID,ok
000182,VALID,ok
000183,VALID,ok
000185,VALID,ok
000187,VALID,ok
000189,VALID,ok
000192,VALID,ok
000193,VALID,ok
000194,VALID,ok
000195,VALID,ok
000196,VALID,ok
000197,VALID,ok
000200,VALID,ok
000201,VALID,ok
000202,VALID,ok
000203,VALID,ok
000204,VALID,ok
000206,VALID,ok
000208,VALID,ok
000209,VALID,ok
000211,VALID,ok
000212,VALID,ok
000213,VALID,ok
000214,VALID,ok
000215,VALID,ok
000216,VALID,ok
000217,VALID,ok
000218,VALID,ok
000219,VALID,ok
000220,VALID,ok
000221,VALID,ok
000223,VALID,ok
000225,VALID,ok
000226,VALID,ok
000227,VALID,ok
000228,VALID,ok
000229,VALID,ok
000231,VALID,ok
000232,VALID,ok
000233,VALID,ok
000234,VALID,ok
000235,VALID,ok
000237,VALID,ok
000238,VALID,ok
000240,VALID,ok
000241,VALID,ok
000242,VALID,ok
000243,VALID,ok
000244,VALID,ok
000246,VALID,ok
000247,VALID,ok
000252,VALID,ok
000253,VALID,ok
000254,VALID,ok
000255,VALID,ok
000256,VALID,ok
000258,VALID,ok
000259,VALID,ok
000261,VALID,ok
000262,VALID,ok
000264,VALID,ok
000267,VALID,ok
000268,VALID,ok
000269,VALID,ok
000270,VALID,ok
000271,VALID,ok
000274,VALID,ok
000276,VALID,ok
000278,VALID,ok
000279,VALID,ok
000281,VALID,ok
000282,VALID,ok
000283,VALID,ok
000284,VALID,ok
000285,VALID,ok
000286,VALID,ok
000287,VALID,ok
000288,VALID,ok
000289,VALID,ok
000290,VALID,ok
000291,VALID,ok
000292,VALID,ok
000294,VALID,ok
000295,VALID,ok
000298,VALID,ok
000302,VALID,ok
000306,VALID,ok
000307,VALID,ok
000308,VALID,ok
000311,VALID,ok
000312,VALID,ok
000313,VALID,ok
000314,VALID,ok
000315,VALID,ok
000316,VALID,ok
000317,VALID,ok
000319,VALID,ok
000320,VALID,ok
000321,VALID,ok
000322,VALID,ok
000323,VALID,ok
000324,VALID,ok
000325,VALID,ok
000326,VALID,ok
000327,VALID,ok
000328,VALID,ok
000329,VALID,ok
000330,VALID,ok
000331,VALID,ok
000333,VALID,ok
000335,VALID,ok
000336,VALID,ok
000339,VALID,ok
000340,VALID,ok
000341,VALID,ok
000342,VALID,ok
000343,VALID,ok
000344,VALID,ok
000345,VALID,ok
000346,VALID,ok
000348,VALID,ok
000349,VALID,ok
000351,VALID,ok
000352,VALID,ok
000353,VALID,ok
000354,VALID,ok
000356,VALID,ok
000357,VALID,ok
000358,VALID,ok
000359,VALID,ok
000360,VALID,ok
000361,VALID,ok
000363,VALID,ok
000364,VALID,ok
000365,VALID,ok
000366,VALID,ok
000367,VALID,ok
000368,VALID,ok
000369,VALID,ok
000370,VALID,ok
000372,VALID,ok
000373,VALID,ok
000376,VALID,ok
000377,VALID,ok
000378,VALID,ok
000379,VALID,ok
000381,VALID,ok
000382,VALID,ok
000383,VALID,ok
000384,VALID,ok
000385,VALID,ok
000386,VALID,ok
000387,VALID,ok
000388,VALID,ok
000389,VALID,ok
000390,VALID,ok
000392,VALID,ok
000393,VALID,ok
000394,VALID,ok
000395,VALID,ok
000398,VALID,ok
000399,VALID,ok
000400,VALID,ok
000401,VALID,ok
000402,VALID,ok
000403,VALID,ok
000405,VALID,ok
000406,VALID,ok
000408,VALID,ok
000409,VALID,ok
000411,VALID,ok
000412,VALID,ok
000413,VALID,ok
000414,VALID,ok
000415,VALID,ok
000416,VALID,ok
000417,VALID,ok
000418,VALID,ok
000419,VALID,ok
000420,VALID,ok
000422,VALID,ok
000431,VALID,ok
000432,VALID,ok
000433,VALID,ok
000434,VALID,ok
000435,VALID,ok
000438,VALID,ok
000439,VALID,ok
000440,VALID,ok
000441,VALID,ok
000442,VALID,ok
000443,VALID,ok
000444,VALID,ok
000445,VALID,ok
000446,VALID,ok
000447,VALID,ok
000450,VALID,ok
000452,VALID,ok
000455,VALID,ok
000456,VALID,ok
000457,VALID,ok
000458,VALID,ok
000461,VALID,ok
000462,VALID,ok
000463,VALID,ok
000466,VALID,ok
000467,VALID,ok
000468,VALID,ok
000469,VALID,ok
000470,VALID,ok
000471,VALID,ok
000472,VALID,ok
000473,VALID,ok
000474,VALID,ok
000475,VALID,ok
000476,VALID,ok
000477,VALID,ok
000478,VALID,ok
000479,VALID,ok
000481,VALID,ok
000482,VALID,ok
000484,VALID,ok
000485,VALID,ok
000486,VALID,ok
000487,VALID,ok
000488,VALID,ok
000489,VALID,ok
000490,VALID,ok
000491,VALID,ok
000493,VALID,ok
000495,VALID,ok
000496,VALID,ok
000497,VALID,ok
000498,VALID,ok
000499,VALID,ok
